step,w_exact,w_char,w_pattern,w_affix,w_length,difficulty_multiplier,contrib_exact,contrib_char,contrib_pattern,contrib_affix,exact_match_raw,char_overlap_raw,pattern_raw,affix_raw,length_penalty_raw,exact_match_norm,char_overlap_norm,pattern_norm,affix_norm,length_penalty_norm,composite_pre,composite_with_length,composite_with_difficulty,composite_predicted,reward_scalar,composite_diff,parse_success
0,0.4,0.2,0.15,0.1,0.15,1.2,0.0,0.04743107769423558,0.0,0.1,0.0,0.23715538847117792,0.0,1.0,1.0,0.0,0.23715538847117792,0.0,1.0,1.0,0.14743107769423558,0.14743107769423558,0.1769172932330827,0.1769172932330827,0.1769172932330827,0.0,1.0
1,0.4,0.2,0.15,0.1,0.15,1.2,0.0,0.041489651416122,0.0,0.1,0.0,0.20744825708061002,0.0,1.0,1.0,0.0,0.20744825708061002,0.0,1.0,1.0,0.141489651416122,0.141489651416122,0.1697875816993464,0.1697875816993464,0.1697875816993464,0.0,1.0
2,0.4,0.2,0.15,0.1,0.15,1.2,0.0,0.042083333333333334,0.0,0.1,0.0,0.21041666666666667,0.0,1.0,1.0,0.0,0.21041666666666667,0.0,1.0,1.0,0.14208333333333334,0.14208333333333334,0.1705,0.1705,0.1705,0.0,1.0
3,0.4,0.2,0.15,0.1,0.15,1.2,0.0,0.05787328375286042,0.0,0.1,0.0,0.289366418764302,0.0,1.0,1.0,0.0,0.289366418764302,0.0,1.0,1.0,0.15787328375286042,0.15787328375286042,0.1894479405034325,0.1894479405034325,0.1894479405034325,0.0,1.0
