step,w_exact,w_char,w_pattern,w_affix,w_length,difficulty_multiplier,contrib_exact,contrib_char,contrib_pattern,contrib_affix,exact_match_raw,char_overlap_raw,pattern_raw,affix_raw,length_penalty_raw,exact_match_norm,char_overlap_norm,pattern_norm,affix_norm,length_penalty_norm,composite_pre,composite_with_length,composite_with_difficulty,composite_predicted,reward_scalar,composite_diff,parse_success
0,0.4,0.2,0.15,0.1,0.15,1.2,0.0,0.04037008742891096,0.0,0.1,0.0,0.20185043714455478,0.0,1.0,1.0,0.0,0.20185043714455478,0.0,1.0,1.0,0.14037008742891097,0.14037008742891097,0.16844410491469314,0.16844410491469314,0.16844410491469314,0.0,1.0
1,0.4,0.2,0.15,0.1,0.15,1.2,0.0,0.03986928104575164,0.0,0.1,0.0,0.19934640522875818,0.0,1.0,1.0,0.0,0.19934640522875818,0.0,1.0,1.0,0.13986928104575164,0.13986928104575164,0.16784313725490196,0.16784313725490196,0.16784313725490196,0.0,1.0
2,0.4,0.2,0.15,0.1,0.15,1.2,0.0,0.0420970695970696,0.0,0.1,0.0,0.210485347985348,0.0,1.0,1.0,0.0,0.210485347985348,0.0,1.0,1.0,0.1420970695970696,0.1420970695970696,0.17051648351648355,0.17051648351648355,0.17051648351648355,0.0,1.0
3,0.4,0.2,0.15,0.1,0.15,1.2,0.0,0.04088438735177866,0.0,0.1,0.0,0.2044219367588933,0.0,1.0,1.0,0.0,0.2044219367588933,0.0,1.0,1.0,0.14088438735177866,0.14088438735177866,0.1690612648221344,0.1690612648221344,0.1690612648221344,0.0,1.0
