step,w_exact,w_char,w_pattern,w_affix,w_length,difficulty_multiplier,contrib_exact,contrib_char,contrib_pattern,contrib_affix,exact_match_raw,char_overlap_raw,pattern_raw,affix_raw,length_penalty_raw,exact_match_norm,char_overlap_norm,pattern_norm,affix_norm,length_penalty_norm,composite_pre,composite_with_length,composite_with_difficulty,composite_predicted,reward_scalar,composite_diff,parse_success
0,0.4,0.2,0.15,0.1,0.15,1.2,0.0,0.01208999926948645,0.0,0.1,0.0,0.06044999634743224,0.0,1.0,1.0,0.0,0.06044999634743224,0.0,1.0,1.0,0.11208999926948646,0.11208999926948646,0.13450799912338374,0.13450799912338374,0.13450799912338374,0.0,0.0
1,0.4,0.2,0.15,0.1,0.15,1.2,0.0,0.009730848861283645,0.0,0.1,0.0,0.04865424430641822,0.0,1.0,1.0,0.0,0.04865424430641822,0.0,1.0,1.0,0.10973084886128365,0.10973084886128365,0.13167701863354037,0.13167701863354037,0.13167701863354037,0.0,0.0
